{
  "4": {
    "ArmyEnhancer": [
      "0xbEc4b920B9d1aDb19b2b5c83a75B8B7fFD0D36A1",
      "0x0f2525Ba8D93f16747AbB9408a49F6200a3372c3"
    ],
    "ArmyRank": [
      "0xC2113cf801257a96D82a46F7DC7E9C9eA622caF2",
      "0x97929595D179Dd203f7AD5ffB318A2a1832ADEdf"
    ],
    "Battlefield": [
      "0x47f643023ca6666fc74adaa6b54cd3E1F9E0c9Ce"
    ],
    "FaunaArmy": [
      "0x2FDaB038cF426960176FC42d2E54bCe8602d027b"
    ],
    "FloraArmy": [
      "0x40339d11a3Ce29c4ADAaa3D125dB25065BBd31E4"
    ]
  }
}