{
  "language": "Solidity",
  "sources": {
    "contracts/Greeter.sol": {
      "content": "//SPDX-License-Identifier: Unlicense\npragma solidity ^0.8.0;\n\nimport \"hardhat/console.sol\";\n\ncontract Greeter {\n  string greeting;\n\n  constructor(string memory _greeting) {\n    console.log(\"Deploying a Greeter with greeting:\", _greeting);\n    greeting = _greeting;\n  }\n\n  function greet() public view returns (string memory) {\n    return greeting;\n  }\n\n  function setGreeting(string memory _greeting) public {\n    console.log(\"Changing greeting from '%s' to '%s'\", greeting, _greeting);\n    greeting = _greeting;\n  }\n}\n"
    },
    "hardhat/console.sol": {
      "content": "// SPDX-License-Identifier: MIT\npragma solidity >= 0.4.22 <0.9.0;\n\nlibrary console {\n\taddress constant CONSOLE_ADDRESS = address(0x000000000000000000636F6e736F6c652e6c6f67);\n\n\tfunction _sendLogPayload(bytes memory payload) private view {\n\t\tuint256 payloadLength = payload.length;\n\t\taddress consoleAddress = CONSOLE_ADDRESS;\n\t\tassembly {\n\t\t\tlet payloadStart := add(payload, 32)\n\t\t\tlet r := staticcall(gas(), consoleAddress, payloadStart, payloadLength, 0, 0)\n\t\t}\n\t}\n\n\tfunction log() internal view {\n\t\t_sendLogPayload(abi.encodeWithSignature(\"log()\"));\n\t}\n\n\tfunction logInt(int p0) internal view {\n\t\t_sendLogPayload(abi.encodeWithSignature(\"log(int)\", p0));\n\t}\n\n\tfunction logUint(uint p0) internal view {\n\t\t_sendLogPayload(abi.encodeWithSignature(\"log(uint)\", p0));\n\t}\n\n\tfunction logString(string memory p0) internal view {\n\t\t_sendLogPayload(abi.encodeWithSignature(\"log(string)\", p0));\n\t}\n\n\tfunction logBool(bool p0) internal view {\n\t\t_sendLogPayload(abi.encodeWithSignature(\"log(bool)\", p0));\n\t}\n\n\tfunction logAddress(address p0) internal view {\n\t\t_sendLogPayload(abi.encodeWithSignature(\"log(address)\", p0));\n\t}\n\n\tfunction logBytes(bytes memory p0) internal view {\n\t\t_sendLogPayload(abi.encodeWithSignature(\"log(bytes)\", p0));\n\t}\n\n\tfunction logBytes1(bytes1 p0) internal view {\n\t\t_sendLogPayload(abi.encodeWithSignature(\"log(bytes1)\", p0));\n\t}\n\n\tfunction logBytes2(bytes2 p0) internal view {\n\t\t_sendLogPayload(abi.encodeWithSignature(\"log(bytes2)\", p0));\n\t}\n\n\tfunction logBytes3(bytes3 p0) internal view {\n\t\t_sendLogPayload(abi.encodeWithSignature(\"log(bytes3)\", p0));\n\t}\n\n\tfunction logBytes4(bytes4 p0) internal view {\n\t\t_sendLogPayload(abi.encodeWithSignature(\"log(bytes4)\", p0));\n\t}\n\n\tfunction logBytes5(bytes5 p0) internal view {\n\t\t_sendLogPayload(abi.encodeWithSignature(\"log(bytes5)\", p0));\n\t}\n\n\tfunction logBytes6(bytes6 p0) internal view {\n\t\t_sendLogPayload(abi.encodeWithSignature(\"log(bytes6)\", p0));\n\t}\n\n\tfunction logBytes7(bytes7 p0) internal view {\n\t\t_sendLogPayload(abi.encodeWithSignature(\"log(bytes7)\", p0));\n\t}\n\n\tfunction logBytes8(bytes8 p0) internal view {\n\t\t_sendLogPayload(abi.encodeWithSignature(\"log(bytes8)\", p0));\n\t}\n\n\tfunction logBytes9(bytes9 p0) internal view {\n\t\t_sendLogPayload(abi.encodeWithSignature(\"log(bytes9)\", p0));\n\t}\n\n\tfunction logBytes10(bytes10 p0) internal view {\n\t\t_sendLogPayload(abi.encodeWithSignature(\"log(bytes10)\", p0));\n\t}\n\n\tfunction logBytes11(bytes11 p0) internal view {\n\t\t_sendLogPayload(abi.encodeWithSignature(\"log(bytes11)\", p0));\n\t}\n\n\tfunction logBytes12(bytes12 p0) internal view {\n\t\t_sendLogPayload(abi.encodeWithSignature(\"log(bytes12)\", p0));\n\t}\n\n\tfunction logBytes13(bytes13 p0) internal view {\n\t\t_sendLogPayload(abi.encodeWithSignature(\"log(bytes13)\", p0));\n\t}\n\n\tfunction logBytes14(bytes14 p0) internal view {\n\t\t_sendLogPayload(abi.encodeWithSignature(\"log(bytes14)\", p0));\n\t}\n\n\tfunction logBytes15(bytes15 p0) internal view {\n\t\t_sendLogPayload(abi.encodeWithSignature(\"log(bytes15)\", p0));\n\t}\n\n\tfunction logBytes16(bytes16 p0) internal view {\n\t\t_sendLogPayload(abi.encodeWithSignature(\"log(bytes16)\", p0));\n\t}\n\n\tfunction logBytes17(bytes17 p0) internal view {\n\t\t_sendLogPayload(abi.encodeWithSignature(\"log(bytes17)\", p0));\n\t}\n\n\tfunction logBytes18(bytes18 p0) internal view {\n\t\t_sendLogPayload(abi.encodeWithSignature(\"log(bytes18)\", p0));\n\t}\n\n\tfunction logBytes19(bytes19 p0) internal view {\n\t\t_sendLogPayload(abi.encodeWithSignature(\"log(bytes19)\", p0));\n\t}\n\n\tfunction logBytes20(bytes20 p0) internal view {\n\t\t_sendLogPayload(abi.encodeWithSignature(\"log(bytes20)\", p0));\n\t}\n\n\tfunction logBytes21(bytes21 p0) internal view {\n\t\t_sendLogPayload(abi.encodeWithSignature(\"log(bytes21)\", p0));\n\t}\n\n\tfunction logBytes22(bytes22 p0) internal view {\n\t\t_sendLogPayload(abi.encodeWithSignature(\"log(bytes22)\", p0));\n\t}\n\n\tfunction logBytes23(bytes23 p0) internal view {\n\t\t_sendLogPayload(abi.encodeWithSignature(\"log(bytes23)\", p0));\n\t}\n\n\tfunction logBytes24(bytes24 p0) internal view {\n\t\t_sendLogPayload(abi.encodeWithSignature(\"log(bytes24)\", p0));\n\t}\n\n\tfunction logBytes25(bytes25 p0) internal view {\n\t\t_sendLogPayload(abi.encodeWithSignature(\"log(bytes25)\", p0));\n\t}\n\n\tfunction logBytes26(bytes26 p0) internal view {\n\t\t_sendLogPayload(abi.encodeWithSignature(\"log(bytes26)\", p0));\n\t}\n\n\tfunction logBytes27(bytes27 p0) internal view {\n\t\t_sendLogPayload(abi.encodeWithSignature(\"log(bytes27)\", p0));\n\t}\n\n\tfunction logBytes28(bytes28 p0) internal view {\n\t\t_sendLogPayload(abi.encodeWithSignature(\"log(bytes28)\", p0));\n\t}\n\n\tfunction logBytes29(bytes29 p0) internal view {\n\t\t_sendLogPayload(abi.encodeWithSignature(\"log(bytes29)\", p0));\n\t}\n\n\tfunction logBytes30(bytes30 p0) internal view {\n\t\t_sendLogPayload(abi.encodeWithSignature(\"log(bytes30)\", p0));\n\t}\n\n\tfunction logBytes31(bytes31 p0) internal view {\n\t\t_sendLogPayload(abi.encodeWithSignature(\"log(bytes31)\", p0));\n\t}\n\n\tfunction logBytes32(bytes32 p0) internal view {\n\t\t_sendLogPayload(abi.encodeWithSignature(\"log(bytes32)\", p0));\n\t}\n\n\tfunction log(uint p0) internal view {\n\t\t_sendLogPayload(abi.encodeWithSignature(\"log(uint)\", p0));\n\t}\n\n\tfunction log(string memory p0) internal view {\n\t\t_sendLogPayload(abi.encodeWithSignature(\"log(string)\", p0));\n\t}\n\n\tfunction log(bool p0) internal view {\n\t\t_sendLogPayload(abi.encodeWithSignature(\"log(bool)\", p0));\n\t}\n\n\tfunction log(address p0) internal view {\n\t\t_sendLogPayload(abi.encodeWithSignature(\"log(address)\", p0));\n\t}\n\n\tfunction log(uint p0, uint p1) internal view {\n\t\t_sendLogPayload(abi.encodeWithSignature(\"log(uint,uint)\", p0, p1));\n\t}\n\n\tfunction log(uint p0, string memory p1) internal view {\n\t\t_sendLogPayload(abi.encodeWithSignature(\"log(uint,string)\", p0, p1));\n\t}\n\n\tfunction log(uint p0, bool p1) internal view {\n\t\t_sendLogPayload(abi.encodeWithSignature(\"log(uint,bool)\", p0, p1));\n\t}\n\n\tfunction log(uint p0, address p1) internal view {\n\t\t_sendLogPayload(abi.encodeWithSignature(\"log(uint,address)\", p0, p1));\n\t}\n\n\tfunction log(string memory p0, uint p1) internal view {\n\t\t_sendLogPayload(abi.encodeWithSignature(\"log(string,uint)\", p0, p1));\n\t}\n\n\tfunction log(string memory p0, string memory p1) internal view {\n\t\t_sendLogPayload(abi.encodeWithSignature(\"log(string,string)\", p0, p1));\n\t}\n\n\tfunction log(string memory p0, bool p1) internal view {\n\t\t_sendLogPayload(abi.encodeWithSignature(\"log(string,bool)\", p0, p1));\n\t}\n\n\tfunction log(string memory p0, address p1) internal view {\n\t\t_sendLogPayload(abi.encodeWithSignature(\"log(string,address)\", p0, p1));\n\t}\n\n\tfunction log(bool p0, uint p1) internal view {\n\t\t_sendLogPayload(abi.encodeWithSignature(\"log(bool,uint)\", p0, p1));\n\t}\n\n\tfunction log(bool p0, string memory p1) internal view {\n\t\t_sendLogPayload(abi.encodeWithSignature(\"log(bool,string)\", p0, p1));\n\t}\n\n\tfunction log(bool p0, bool p1) internal view {\n\t\t_sendLogPayload(abi.encodeWithSignature(\"log(bool,bool)\", p0, p1));\n\t}\n\n\tfunction log(bool p0, address p1) internal view {\n\t\t_sendLogPayload(abi.encodeWithSignature(\"log(bool,address)\", p0, p1));\n\t}\n\n\tfunction log(address p0, uint p1) internal view {\n\t\t_sendLogPayload(abi.encodeWithSignature(\"log(address,uint)\", p0, p1));\n\t}\n\n\tfunction log(address p0, string memory p1) internal view {\n\t\t_sendLogPayload(abi.encodeWithSignature(\"log(address,string)\", p0, p1));\n\t}\n\n\tfunction log(address p0, bool p1) internal view {\n\t\t_sendLogPayload(abi.encodeWithSignature(\"log(address,bool)\", p0, p1));\n\t}\n\n\tfunction log(address p0, address p1) internal view {\n\t\t_sendLogPayload(abi.encodeWithSignature(\"log(address,address)\", p0, p1));\n\t}\n\n\tfunction log(uint p0, uint p1, uint p2) internal view {\n\t\t_sendLogPayload(abi.encodeWithSignature(\"log(uint,uint,uint)\", p0, p1, p2));\n\t}\n\n\tfunction log(uint p0, uint p1, string memory p2) internal view {\n\t\t_sendLogPayload(abi.encodeWithSignature(\"log(uint,uint,string)\", p0, p1, p2));\n\t}\n\n\tfunction log(uint p0, uint p1, bool p2) internal view {\n\t\t_sendLogPayload(abi.encodeWithSignature(\"log(uint,uint,bool)\", p0, p1, p2));\n\t}\n\n\tfunction log(uint p0, uint p1, address p2) internal view {\n\t\t_sendLogPayload(abi.encodeWithSignature(\"log(uint,uint,address)\", p0, p1, p2));\n\t}\n\n\tfunction log(uint p0, string memory p1, uint p2) internal view {\n\t\t_sendLogPayload(abi.encodeWithSignature(\"log(uint,string,uint)\", p0, p1, p2));\n\t}\n\n\tfunction log(uint p0, string memory p1, string memory p2) internal view {\n\t\t_sendLogPayload(abi.encodeWithSignature(\"log(uint,string,string)\", p0, p1, p2));\n\t}\n\n\tfunction log(uint p0, string memory p1, bool p2) internal view {\n\t\t_sendLogPayload(abi.encodeWithSignature(\"log(uint,string,bool)\", p0, p1, p2));\n\t}\n\n\tfunction log(uint p0, string memory p1, address p2) internal view {\n\t\t_sendLogPayload(abi.encodeWithSignature(\"log(uint,string,address)\", p0, p1, p2));\n\t}\n\n\tfunction log(uint p0, bool p1, uint p2) internal view {\n\t\t_sendLogPayload(abi.encodeWithSignature(\"log(uint,bool,uint)\", p0, p1, p2));\n\t}\n\n\tfunction log(uint p0, bool p1, string memory p2) internal view {\n\t\t_sendLogPayload(abi.encodeWithSignature(\"log(uint,bool,string)\", p0, p1, p2));\n\t}\n\n\tfunction log(uint p0, bool p1, bool p2) internal view {\n\t\t_sendLogPayload(abi.encodeWithSignature(\"log(uint,bool,bool)\", p0, p1, p2));\n\t}\n\n\tfunction log(uint p0, bool p1, address p2) internal view {\n\t\t_sendLogPayload(abi.encodeWithSignature(\"log(uint,bool,address)\", p0, p1, p2));\n\t}\n\n\tfunction log(uint p0, address p1, uint p2) internal view {\n\t\t_sendLogPayload(abi.encodeWithSignature(\"log(uint,address,uint)\", p0, p1, p2));\n\t}\n\n\tfunction log(uint p0, address p1, string memory p2) internal view {\n\t\t_sendLogPayload(abi.encodeWithSignature(\"log(uint,address,string)\", p0, p1, p2));\n\t}\n\n\tfunction log(uint p0, address p1, bool p2) internal view {\n\t\t_sendLogPayload(abi.encodeWithSignature(\"log(uint,address,bool)\", p0, p1, p2));\n\t}\n\n\tfunction log(uint p0, address p1, address p2) internal view {\n\t\t_sendLogPayload(abi.encodeWithSignature(\"log(uint,address,address)\", p0, p1, p2));\n\t}\n\n\tfunction log(string memory p0, uint p1, uint p2) internal view {\n\t\t_sendLogPayload(abi.encodeWithSignature(\"log(string,uint,uint)\", p0, p1, p2));\n\t}\n\n\tfunction log(string memory p0, uint p1, string memory p2) internal view {\n\t\t_sendLogPayload(abi.encodeWithSignature(\"log(string,uint,string)\", p0, p1, p2));\n\t}\n\n\tfunction log(string memory p0, uint p1, bool p2) internal view {\n\t\t_sendLogPayload(abi.encodeWithSignature(\"log(string,uint,bool)\", p0, p1, p2));\n\t}\n\n\tfunction log(string memory p0, uint p1, address p2) internal view {\n\t\t_sendLogPayload(abi.encodeWithSignature(\"log(string,uint,address)\", p0, p1, p2));\n\t}\n\n\tfunction log(string memory p0, string memory p1, uint p2) internal view {\n\t\t_sendLogPayload(abi.encodeWithSignature(\"log(string,string,uint)\", p0, p1, p2));\n\t}\n\n\tfunction log(string memory p0, string memory p1, string memory p2) internal view {\n\t\t_sendLogPayload(abi.encodeWithSignature(\"log(string,string,string)\", p0, p1, p2));\n\t}\n\n\tfunction log(string memory p0, string memory p1, bool p2) internal view {\n\t\t_sendLogPayload(abi.encodeWithSignature(\"log(string,string,bool)\", p0, p1, p2));\n\t}\n\n\tfunction log(string memory p0, string memory p1, address p2) internal view {\n\t\t_sendLogPayload(abi.encodeWithSignature(\"log(string,string,address)\", p0, p1, p2));\n\t}\n\n\tfunction log(string memory p0, bool p1, uint p2) internal view {\n\t\t_sendLogPayload(abi.encodeWithSignature(\"log(string,bool,uint)\", p0, p1, p2));\n\t}\n\n\tfunction log(string memory p0, bool p1, string memory p2) internal view {\n\t\t_sendLogPayload(abi.encodeWithSignature(\"log(string,bool,string)\", p0, p1, p2));\n\t}\n\n\tfunction log(string memory p0, bool p1, bool p2) internal view {\n\t\t_sendLogPayload(abi.encodeWithSignature(\"log(string,bool,bool)\", p0, p1, p2));\n\t}\n\n\tfunction log(string memory p0, bool p1, address p2) internal view {\n\t\t_sendLogPayload(abi.encodeWithSignature(\"log(string,bool,address)\", p0, p1, p2));\n\t}\n\n\tfunction log(string memory p0, address p1, uint p2) internal view {\n\t\t_sendLogPayload(abi.encodeWithSignature(\"log(string,address,uint)\", p0, p1, p2));\n\t}\n\n\tfunction log(string memory p0, address p1, string memory p2) internal view {\n\t\t_sendLogPayload(abi.encodeWithSignature(\"log(string,address,string)\", p0, p1, p2));\n\t}\n\n\tfunction log(string memory p0, address p1, bool p2) internal view {\n\t\t_sendLogPayload(abi.encodeWithSignature(\"log(string,address,bool)\", p0, p1, p2));\n\t}\n\n\tfunction log(string memory p0, address p1, address p2) internal view {\n\t\t_sendLogPayload(abi.encodeWithSignature(\"log(string,address,address)\", p0, p1, p2));\n\t}\n\n\tfunction log(bool p0, uint p1, uint p2) internal view {\n\t\t_sendLogPayload(abi.encodeWithSignature(\"log(bool,uint,uint)\", p0, p1, p2));\n\t}\n\n\tfunction log(bool p0, uint p1, string memory p2) internal view {\n\t\t_sendLogPayload(abi.encodeWithSignature(\"log(bool,uint,string)\", p0, p1, p2));\n\t}\n\n\tfunction log(bool p0, uint p1, bool p2) internal view {\n\t\t_sendLogPayload(abi.encodeWithSignature(\"log(bool,uint,bool)\", p0, p1, p2));\n\t}\n\n\tfunction log(bool p0, uint p1, address p2) internal view {\n\t\t_sendLogPayload(abi.encodeWithSignature(\"log(bool,uint,address)\", p0, p1, p2));\n\t}\n\n\tfunction log(bool p0, string memory p1, uint p2) internal view {\n\t\t_sendLogPayload(abi.encodeWithSignature(\"log(bool,string,uint)\", p0, p1, p2));\n\t}\n\n\tfunction log(bool p0, string memory p1, string memory p2) internal view {\n\t\t_sendLogPayload(abi.encodeWithSignature(\"log(bool,string,string)\", p0, p1, p2));\n\t}\n\n\tfunction log(bool p0, string memory p1, bool p2) internal view {\n\t\t_sendLogPayload(abi.encodeWithSignature(\"log(bool,string,bool)\", p0, p1, p2));\n\t}\n\n\tfunction log(bool p0, string memory p1, address p2) internal view {\n\t\t_sendLogPayload(abi.encodeWithSignature(\"log(bool,string,address)\", p0, p1, p2));\n\t}\n\n\tfunction log(bool p0, bool p1, uint p2) internal view {\n\t\t_sendLogPayload(abi.encodeWithSignature(\"log(bool,bool,uint)\", p0, p1, p2));\n\t}\n\n\tfunction log(bool p0, bool p1, string memory p2) internal view {\n\t\t_sendLogPayload(abi.encodeWithSignature(\"log(bool,bool,string)\", p0, p1, p2));\n\t}\n\n\tfunction log(bool p0, bool p1, bool p2) internal view {\n\t\t_sendLogPayload(abi.encodeWithSignature(\"log(bool,bool,bool)\", p0, p1, p2));\n\t}\n\n\tfunction log(bool p0, bool p1, address p2) internal view {\n\t\t_sendLogPayload(abi.encodeWithSignature(\"log(bool,bool,address)\", p0, p1, p2));\n\t}\n\n\tfunction log(bool p0, address p1, uint p2) internal view {\n\t\t_sendLogPayload(abi.encodeWithSignature(\"log(bool,address,uint)\", p0, p1, p2));\n\t}\n\n\tfunction log(bool p0, address p1, string memory p2) internal view {\n\t\t_sendLogPayload(abi.encodeWithSignature(\"log(bool,address,string)\", p0, p1, p2));\n\t}\n\n\tfunction log(bool p0, address p1, bool p2) internal view {\n\t\t_sendLogPayload(abi.encodeWithSignature(\"log(bool,address,bool)\", p0, p1, p2));\n\t}\n\n\tfunction log(bool p0, address p1, address p2) internal view {\n\t\t_sendLogPayload(abi.encodeWithSignature(\"log(bool,address,address)\", p0, p1, p2));\n\t}\n\n\tfunction log(address p0, uint p1, uint p2) internal view {\n\t\t_sendLogPayload(abi.encodeWithSignature(\"log(address,uint,uint)\", p0, p1, p2));\n\t}\n\n\tfunction log(address p0, uint p1, string memory p2) internal view {\n\t\t_sendLogPayload(abi.encodeWithSignature(\"log(address,uint,string)\", p0, p1, p2));\n\t}\n\n\tfunction log(address p0, uint p1, bool p2) internal view {\n\t\t_sendLogPayload(abi.encodeWithSignature(\"log(address,uint,bool)\", p0, p1, p2));\n\t}\n\n\tfunction log(address p0, uint p1, address p2) internal view {\n\t\t_sendLogPayload(abi.encodeWithSignature(\"log(address,uint,address)\", p0, p1, p2));\n\t}\n\n\tfunction log(address p0, string memory p1, uint p2) internal view {\n\t\t_sendLogPayload(abi.encodeWithSignature(\"log(address,string,uint)\", p0, p1, p2));\n\t}\n\n\tfunction log(address p0, string memory p1, string memory p2) internal view {\n\t\t_sendLogPayload(abi.encodeWithSignature(\"log(address,string,string)\", p0, p1, p2));\n\t}\n\n\tfunction log(address p0, string memory p1, bool p2) internal view {\n\t\t_sendLogPayload(abi.encodeWithSignature(\"log(address,string,bool)\", p0, p1, p2));\n\t}\n\n\tfunction log(address p0, string memory p1, address p2) internal view {\n\t\t_sendLogPayload(abi.encodeWithSignature(\"log(address,string,address)\", p0, p1, p2));\n\t}\n\n\tfunction log(address p0, bool p1, uint p2) internal view {\n\t\t_sendLogPayload(abi.encodeWithSignature(\"log(address,bool,uint)\", p0, p1, p2));\n\t}\n\n\tfunction log(address p0, bool p1, string memory p2) internal view {\n\t\t_sendLogPayload(abi.encodeWithSignature(\"log(address,bool,string)\", p0, p1, p2));\n\t}\n\n\tfunction log(address p0, bool p1, bool p2) internal view {\n\t\t_sendLogPayload(abi.encodeWithSignature(\"log(address,bool,bool)\", p0, p1, p2));\n\t}\n\n\tfunction log(address p0, bool p1, address p2) internal view {\n\t\t_sendLogPayload(abi.encodeWithSignature(\"log(address,bool,address)\", p0, p1, p2));\n\t}\n\n\tfunction log(address p0, address p1, uint p2) internal view {\n\t\t_sendLogPayload(abi.encodeWithSignature(\"log(address,address,uint)\", p0, p1, p2));\n\t}\n\n\tfunction log(address p0, address p1, string memory p2) internal view {\n\t\t_sendLogPayload(abi.encodeWithSignature(\"log(address,address,string)\", p0, p1, p2));\n\t}\n\n\tfunction log(address p0, address p1, bool p2) internal view {\n\t\t_sendLogPayload(abi.encodeWithSignature(\"log(address,address,bool)\", p0, p1, p2));\n\t}\n\n\tfunction log(address p0, address p1, address p2) internal view {\n\t\t_sendLogPayload(abi.encodeWithSignature(\"log(address,address,address)\", p0, p1, p2));\n\t}\n\n\tfunction log(uint p0, uint p1, uint p2, uint p3) internal view {\n\t\t_sendLogPayload(abi.encodeWithSignature(\"log(uint,uint,uint,uint)\", p0, p1, p2, p3));\n\t}\n\n\tfunction log(uint p0, uint p1, uint p2, string memory p3) internal view {\n\t\t_sendLogPayload(abi.encodeWithSignature(\"log(uint,uint,uint,string)\", p0, p1, p2, p3));\n\t}\n\n\tfunction log(uint p0, uint p1, uint p2, bool p3) internal view {\n\t\t_sendLogPayload(abi.encodeWithSignature(\"log(uint,uint,uint,bool)\", p0, p1, p2, p3));\n\t}\n\n\tfunction log(uint p0, uint p1, uint p2, address p3) internal view {\n\t\t_sendLogPayload(abi.encodeWithSignature(\"log(uint,uint,uint,address)\", p0, p1, p2, p3));\n\t}\n\n\tfunction log(uint p0, uint p1, string memory p2, uint p3) internal view {\n\t\t_sendLogPayload(abi.encodeWithSignature(\"log(uint,uint,string,uint)\", p0, p1, p2, p3));\n\t}\n\n\tfunction log(uint p0, uint p1, string memory p2, string memory p3) internal view {\n\t\t_sendLogPayload(abi.encodeWithSignature(\"log(uint,uint,string,string)\", p0, p1, p2, p3));\n\t}\n\n\tfunction log(uint p0, uint p1, string memory p2, bool p3) internal view {\n\t\t_sendLogPayload(abi.encodeWithSignature(\"log(uint,uint,string,bool)\", p0, p1, p2, p3));\n\t}\n\n\tfunction log(uint p0, uint p1, string memory p2, address p3) internal view {\n\t\t_sendLogPayload(abi.encodeWithSignature(\"log(uint,uint,string,address)\", p0, p1, p2, p3));\n\t}\n\n\tfunction log(uint p0, uint p1, bool p2, uint p3) internal view {\n\t\t_sendLogPayload(abi.encodeWithSignature(\"log(uint,uint,bool,uint)\", p0, p1, p2, p3));\n\t}\n\n\tfunction log(uint p0, uint p1, bool p2, string memory p3) internal view {\n\t\t_sendLogPayload(abi.encodeWithSignature(\"log(uint,uint,bool,string)\", p0, p1, p2, p3));\n\t}\n\n\tfunction log(uint p0, uint p1, bool p2, bool p3) internal view {\n\t\t_sendLogPayload(abi.encodeWithSignature(\"log(uint,uint,bool,bool)\", p0, p1, p2, p3));\n\t}\n\n\tfunction log(uint p0, uint p1, bool p2, address p3) internal view {\n\t\t_sendLogPayload(abi.encodeWithSignature(\"log(uint,uint,bool,address)\", p0, p1, p2, p3));\n\t}\n\n\tfunction log(uint p0, uint p1, address p2, uint p3) internal view {\n\t\t_sendLogPayload(abi.encodeWithSignature(\"log(uint,uint,address,uint)\", p0, p1, p2, p3));\n\t}\n\n\tfunction log(uint p0, uint p1, address p2, string memory p3) internal view {\n\t\t_sendLogPayload(abi.encodeWithSignature(\"log(uint,uint,address,string)\", p0, p1, p2, p3));\n\t}\n\n\tfunction log(uint p0, uint p1, address p2, bool p3) internal view {\n\t\t_sendLogPayload(abi.encodeWithSignature(\"log(uint,uint,address,bool)\", p0, p1, p2, p3));\n\t}\n\n\tfunction log(uint p0, uint p1, address p2, address p3) internal view {\n\t\t_sendLogPayload(abi.encodeWithSignature(\"log(uint,uint,address,address)\", p0, p1, p2, p3));\n\t}\n\n\tfunction log(uint p0, string memory p1, uint p2, uint p3) internal view {\n\t\t_sendLogPayload(abi.encodeWithSignature(\"log(uint,string,uint,uint)\", p0, p1, p2, p3));\n\t}\n\n\tfunction log(uint p0, string memory p1, uint p2, string memory p3) internal view {\n\t\t_sendLogPayload(abi.encodeWithSignature(\"log(uint,string,uint,string)\", p0, p1, p2, p3));\n\t}\n\n\tfunction log(uint p0, string memory p1, uint p2, bool p3) internal view {\n\t\t_sendLogPayload(abi.encodeWithSignature(\"log(uint,string,uint,bool)\", p0, p1, p2, p3));\n\t}\n\n\tfunction log(uint p0, string memory p1, uint p2, address p3) internal view {\n\t\t_sendLogPayload(abi.encodeWithSignature(\"log(uint,string,uint,address)\", p0, p1, p2, p3));\n\t}\n\n\tfunction log(uint p0, string memory p1, string memory p2, uint p3) internal view {\n\t\t_sendLogPayload(abi.encodeWithSignature(\"log(uint,string,string,uint)\", p0, p1, p2, p3));\n\t}\n\n\tfunction log(uint p0, string memory p1, string memory p2, string memory p3) internal view {\n\t\t_sendLogPayload(abi.encodeWithSignature(\"log(uint,string,string,string)\", p0, p1, p2, p3));\n\t}\n\n\tfunction log(uint p0, string memory p1, string memory p2, bool p3) internal view {\n\t\t_sendLogPayload(abi.encodeWithSignature(\"log(uint,string,string,bool)\", p0, p1, p2, p3));\n\t}\n\n\tfunction log(uint p0, string memory p1, string memory p2, address p3) internal view {\n\t\t_sendLogPayload(abi.encodeWithSignature(\"log(uint,string,string,address)\", p0, p1, p2, p3));\n\t}\n\n\tfunction log(uint p0, string memory p1, bool p2, uint p3) internal view {\n\t\t_sendLogPayload(abi.encodeWithSignature(\"log(uint,string,bool,uint)\", p0, p1, p2, p3));\n\t}\n\n\tfunction log(uint p0, string memory p1, bool p2, string memory p3) internal view {\n\t\t_sendLogPayload(abi.encodeWithSignature(\"log(uint,string,bool,string)\", p0, p1, p2, p3));\n\t}\n\n\tfunction log(uint p0, string memory p1, bool p2, bool p3) internal view {\n\t\t_sendLogPayload(abi.encodeWithSignature(\"log(uint,string,bool,bool)\", p0, p1, p2, p3));\n\t}\n\n\tfunction log(uint p0, string memory p1, bool p2, address p3) internal view {\n\t\t_sendLogPayload(abi.encodeWithSignature(\"log(uint,string,bool,address)\", p0, p1, p2, p3));\n\t}\n\n\tfunction log(uint p0, string memory p1, address p2, uint p3) internal view {\n\t\t_sendLogPayload(abi.encodeWithSignature(\"log(uint,string,address,uint)\", p0, p1, p2, p3));\n\t}\n\n\tfunction log(uint p0, string memory p1, address p2, string memory p3) internal view {\n\t\t_sendLogPayload(abi.encodeWithSignature(\"log(uint,string,address,string)\", p0, p1, p2, p3));\n\t}\n\n\tfunction log(uint p0, string memory p1, address p2, bool p3) internal view {\n\t\t_sendLogPayload(abi.encodeWithSignature(\"log(uint,string,address,bool)\", p0, p1, p2, p3));\n\t}\n\n\tfunction log(uint p0, string memory p1, address p2, address p3) internal view {\n\t\t_sendLogPayload(abi.encodeWithSignature(\"log(uint,string,address,address)\", p0, p1, p2, p3));\n\t}\n\n\tfunction log(uint p0, bool p1, uint p2, uint p3) internal view {\n\t\t_sendLogPayload(abi.encodeWithSignature(\"log(uint,bool,uint,uint)\", p0, p1, p2, p3));\n\t}\n\n\tfunction log(uint p0, bool p1, uint p2, string memory p3) internal view {\n\t\t_sendLogPayload(abi.encodeWithSignature(\"log(uint,bool,uint,string)\", p0, p1, p2, p3));\n\t}\n\n\tfunction log(uint p0, bool p1, uint p2, bool p3) internal view {\n\t\t_sendLogPayload(abi.encodeWithSignature(\"log(uint,bool,uint,bool)\", p0, p1, p2, p3));\n\t}\n\n\tfunction log(uint p0, bool p1, uint p2, address p3) internal view {\n\t\t_sendLogPayload(abi.encodeWithSignature(\"log(uint,bool,uint,address)\", p0, p1, p2, p3));\n\t}\n\n\tfunction log(uint p0, bool p1, string memory p2, uint p3) internal view {\n\t\t_sendLogPayload(abi.encodeWithSignature(\"log(uint,bool,string,uint)\", p0, p1, p2, p3));\n\t}\n\n\tfunction log(uint p0, bool p1, string memory p2, string memory p3) internal view {\n\t\t_sendLogPayload(abi.encodeWithSignature(\"log(uint,bool,string,string)\", p0, p1, p2, p3));\n\t}\n\n\tfunction log(uint p0, bool p1, string memory p2, bool p3) internal view {\n\t\t_sendLogPayload(abi.encodeWithSignature(\"log(uint,bool,string,bool)\", p0, p1, p2, p3));\n\t}\n\n\tfunction log(uint p0, bool p1, string memory p2, address p3) internal view {\n\t\t_sendLogPayload(abi.encodeWithSignature(\"log(uint,bool,string,address)\", p0, p1, p2, p3));\n\t}\n\n\tfunction log(uint p0, bool p1, bool p2, uint p3) internal view {\n\t\t_sendLogPayload(abi.encodeWithSignature(\"log(uint,bool,bool,uint)\", p0, p1, p2, p3));\n\t}\n\n\tfunction log(uint p0, bool p1, bool p2, string memory p3) internal view {\n\t\t_sendLogPayload(abi.encodeWithSignature(\"log(uint,bool,bool,string)\", p0, p1, p2, p3));\n\t}\n\n\tfunction log(uint p0, bool p1, bool p2, bool p3) internal view {\n\t\t_sendLogPayload(abi.encodeWithSignature(\"log(uint,bool,bool,bool)\", p0, p1, p2, p3));\n\t}\n\n\tfunction log(uint p0, bool p1, bool p2, address p3) internal view {\n\t\t_sendLogPayload(abi.encodeWithSignature(\"log(uint,bool,bool,address)\", p0, p1, p2, p3));\n\t}\n\n\tfunction log(uint p0, bool p1, address p2, uint p3) internal view {\n\t\t_sendLogPayload(abi.encodeWithSignature(\"log(uint,bool,address,uint)\", p0, p1, p2, p3));\n\t}\n\n\tfunction log(uint p0, bool p1, address p2, string memory p3) internal view {\n\t\t_sendLogPayload(abi.encodeWithSignature(\"log(uint,bool,address,string)\", p0, p1, p2, p3));\n\t}\n\n\tfunction log(uint p0, bool p1, address p2, bool p3) internal view {\n\t\t_sendLogPayload(abi.encodeWithSignature(\"log(uint,bool,address,bool)\", p0, p1, p2, p3));\n\t}\n\n\tfunction log(uint p0, bool p1, address p2, address p3) internal view {\n\t\t_sendLogPayload(abi.encodeWithSignature(\"log(uint,bool,address,address)\", p0, p1, p2, p3));\n\t}\n\n\tfunction log(uint p0, address p1, uint p2, uint p3) internal view {\n\t\t_sendLogPayload(abi.encodeWithSignature(\"log(uint,address,uint,uint)\", p0, p1, p2, p3));\n\t}\n\n\tfunction log(uint p0, address p1, uint p2, string memory p3) internal view {\n\t\t_sendLogPayload(abi.encodeWithSignature(\"log(uint,address,uint,string)\", p0, p1, p2, p3));\n\t}\n\n\tfunction log(uint p0, address p1, uint p2, bool p3) internal view {\n\t\t_sendLogPayload(abi.encodeWithSignature(\"log(uint,address,uint,bool)\", p0, p1, p2, p3));\n\t}\n\n\tfunction log(uint p0, address p1, uint p2, address p3) internal view {\n\t\t_sendLogPayload(abi.encodeWithSignature(\"log(uint,address,uint,address)\", p0, p1, p2, p3));\n\t}\n\n\tfunction log(uint p0, address p1, string memory p2, uint p3) internal view {\n\t\t_sendLogPayload(abi.encodeWithSignature(\"log(uint,address,string,uint)\", p0, p1, p2, p3));\n\t}\n\n\tfunction log(uint p0, address p1, string memory p2, string memory p3) internal view {\n\t\t_sendLogPayload(abi.encodeWithSignature(\"log(uint,address,string,string)\", p0, p1, p2, p3));\n\t}\n\n\tfunction log(uint p0, address p1, string memory p2, bool p3) internal view {\n\t\t_sendLogPayload(abi.encodeWithSignature(\"log(uint,address,string,bool)\", p0, p1, p2, p3));\n\t}\n\n\tfunction log(uint p0, address p1, string memory p2, address p3) internal view {\n\t\t_sendLogPayload(abi.encodeWithSignature(\"log(uint,address,string,address)\", p0, p1, p2, p3));\n\t}\n\n\tfunction log(uint p0, address p1, bool p2, uint p3) internal view {\n\t\t_sendLogPayload(abi.encodeWithSignature(\"log(uint,address,bool,uint)\", p0, p1, p2, p3));\n\t}\n\n\tfunction log(uint p0, address p1, bool p2, string memory p3) internal view {\n\t\t_sendLogPayload(abi.encodeWithSignature(\"log(uint,address,bool,string)\", p0, p1, p2, p3));\n\t}\n\n\tfunction log(uint p0, address p1, bool p2, bool p3) internal view {\n\t\t_sendLogPayload(abi.encodeWithSignature(\"log(uint,address,bool,bool)\", p0, p1, p2, p3));\n\t}\n\n\tfunction log(uint p0, address p1, bool p2, address p3) internal view {\n\t\t_sendLogPayload(abi.encodeWithSignature(\"log(uint,address,bool,address)\", p0, p1, p2, p3));\n\t}\n\n\tfunction log(uint p0, address p1, address p2, uint p3) internal view {\n\t\t_sendLogPayload(abi.encodeWithSignature(\"log(uint,address,address,uint)\", p0, p1, p2, p3));\n\t}\n\n\tfunction log(uint p0, address p1, address p2, string memory p3) internal view {\n\t\t_sendLogPayload(abi.encodeWithSignature(\"log(uint,address,address,string)\", p0, p1, p2, p3));\n\t}\n\n\tfunction log(uint p0, address p1, address p2, bool p3) internal view {\n\t\t_sendLogPayload(abi.encodeWithSignature(\"log(uint,address,address,bool)\", p0, p1, p2, p3));\n\t}\n\n\tfunction log(uint p0, address p1, address p2, address p3) internal view {\n\t\t_sendLogPayload(abi.encodeWithSignature(\"log(uint,address,address,address)\", p0, p1, p2, p3));\n\t}\n\n\tfunction log(string memory p0, uint p1, uint p2, uint p3) internal view {\n\t\t_sendLogPayload(abi.encodeWithSignature(\"log(string,uint,uint,uint)\", p0, p1, p2, p3));\n\t}\n\n\tfunction log(string memory p0, uint p1, uint p2, string memory p3) internal view {\n\t\t_sendLogPayload(abi.encodeWithSignature(\"log(string,uint,uint,string)\", p0, p1, p2, p3));\n\t}\n\n\tfunction log(string memory p0, uint p1, uint p2, bool p3) internal view {\n\t\t_sendLogPayload(abi.encodeWithSignature(\"log(string,uint,uint,bool)\", p0, p1, p2, p3));\n\t}\n\n\tfunction log(string memory p0, uint p1, uint p2, address p3) internal view {\n\t\t_sendLogPayload(abi.encodeWithSignature(\"log(string,uint,uint,address)\", p0, p1, p2, p3));\n\t}\n\n\tfunction log(string memory p0, uint p1, string memory p2, uint p3) internal view {\n\t\t_sendLogPayload(abi.encodeWithSignature(\"log(string,uint,string,uint)\", p0, p1, p2, p3));\n\t}\n\n\tfunction log(string memory p0, uint p1, string memory p2, string memory p3) internal view {\n\t\t_sendLogPayload(abi.encodeWithSignature(\"log(string,uint,string,string)\", p0, p1, p2, p3));\n\t}\n\n\tfunction log(string memory p0, uint p1, string memory p2, bool p3) internal view {\n\t\t_sendLogPayload(abi.encodeWithSignature(\"log(string,uint,string,bool)\", p0, p1, p2, p3));\n\t}\n\n\tfunction log(string memory p0, uint p1, string memory p2, address p3) internal view {\n\t\t_sendLogPayload(abi.encodeWithSignature(\"log(string,uint,string,address)\", p0, p1, p2, p3));\n\t}\n\n\tfunction log(string memory p0, uint p1, bool p2, uint p3) internal view {\n\t\t_sendLogPayload(abi.encodeWithSignature(\"log(string,uint,bool,uint)\", p0, p1, p2, p3));\n\t}\n\n\tfunction log(string memory p0, uint p1, bool p2, string memory p3) internal view {\n\t\t_sendLogPayload(abi.encodeWithSignature(\"log(string,uint,bool,string)\", p0, p1, p2, p3));\n\t}\n\n\tfunction log(string memory p0, uint p1, bool p2, bool p3) internal view {\n\t\t_sendLogPayload(abi.encodeWithSignature(\"log(string,uint,bool,bool)\", p0, p1, p2, p3));\n\t}\n\n\tfunction log(string memory p0, uint p1, bool p2, address p3) internal view {\n\t\t_sendLogPayload(abi.encodeWithSignature(\"log(string,uint,bool,address)\", p0, p1, p2, p3));\n\t}\n\n\tfunction log(string memory p0, uint p1, address p2, uint p3) internal view {\n\t\t_sendLogPayload(abi.encodeWithSignature(\"log(string,uint,address,uint)\", p0, p1, p2, p3));\n\t}\n\n\tfunction log(string memory p0, uint p1, address p2, string memory p3) internal view {\n\t\t_sendLogPayload(abi.encodeWithSignature(\"log(string,uint,address,string)\", p0, p1, p2, p3));\n\t}\n\n\tfunction log(string memory p0, uint p1, address p2, bool p3) internal view {\n\t\t_sendLogPayload(abi.encodeWithSignature(\"log(string,uint,address,bool)\", p0, p1, p2, p3));\n\t}\n\n\tfunction log(string memory p0, uint p1, address p2, address p3) internal view {\n\t\t_sendLogPayload(abi.encodeWithSignature(\"log(string,uint,address,address)\", p0, p1, p2, p3));\n\t}\n\n\tfunction log(string memory p0, string memory p1, uint p2, uint p3) internal view {\n\t\t_sendLogPayload(abi.encodeWithSignature(\"log(string,string,uint,uint)\", p0, p1, p2, p3));\n\t}\n\n\tfunction log(string memory p0, string memory p1, uint p2, string memory p3) internal view {\n\t\t_sendLogPayload(abi.encodeWithSignature(\"log(string,string,uint,string)\", p0, p1, p2, p3));\n\t}\n\n\tfunction log(string memory p0, string memory p1, uint p2, bool p3) internal view {\n\t\t_sendLogPayload(abi.encodeWithSignature(\"log(string,string,uint,bool)\", p0, p1, p2, p3));\n\t}\n\n\tfunction log(string memory p0, string memory p1, uint p2, address p3) internal view {\n\t\t_sendLogPayload(abi.encodeWithSignature(\"log(string,string,uint,address)\", p0, p1, p2, p3));\n\t}\n\n\tfunction log(string memory p0, string memory p1, string memory p2, uint p3) internal view {\n\t\t_sendLogPayload(abi.encodeWithSignature(\"log(string,string,string,uint)\", p0, p1, p2, p3));\n\t}\n\n\tfunction log(string memory p0, string memory p1, string memory p2, string memory p3) internal view {\n\t\t_sendLogPayload(abi.encodeWithSignature(\"log(string,string,string,string)\", p0, p1, p2, p3));\n\t}\n\n\tfunction log(string memory p0, string memory p1, string memory p2, bool p3) internal view {\n\t\t_sendLogPayload(abi.encodeWithSignature(\"log(string,string,string,bool)\", p0, p1, p2, p3));\n\t}\n\n\tfunction log(string memory p0, string memory p1, string memory p2, address p3) internal view {\n\t\t_sendLogPayload(abi.encodeWithSignature(\"log(string,string,string,address)\", p0, p1, p2, p3));\n\t}\n\n\tfunction log(string memory p0, string memory p1, bool p2, uint p3) internal view {\n\t\t_sendLogPayload(abi.encodeWithSignature(\"log(string,string,bool,uint)\", p0, p1, p2, p3));\n\t}\n\n\tfunction log(string memory p0, string memory p1, bool p2, string memory p3) internal view {\n\t\t_sendLogPayload(abi.encodeWithSignature(\"log(string,string,bool,string)\", p0, p1, p2, p3));\n\t}\n\n\tfunction log(string memory p0, string memory p1, bool p2, bool p3) internal view {\n\t\t_sendLogPayload(abi.encodeWithSignature(\"log(string,string,bool,bool)\", p0, p1, p2, p3));\n\t}\n\n\tfunction log(string memory p0, string memory p1, bool p2, address p3) internal view {\n\t\t_sendLogPayload(abi.encodeWithSignature(\"log(string,string,bool,address)\", p0, p1, p2, p3));\n\t}\n\n\tfunction log(string memory p0, string memory p1, address p2, uint p3) internal view {\n\t\t_sendLogPayload(abi.encodeWithSignature(\"log(string,string,address,uint)\", p0, p1, p2, p3));\n\t}\n\n\tfunction log(string memory p0, string memory p1, address p2, string memory p3) internal view {\n\t\t_sendLogPayload(abi.encodeWithSignature(\"log(string,string,address,string)\", p0, p1, p2, p3));\n\t}\n\n\tfunction log(string memory p0, string memory p1, address p2, bool p3) internal view {\n\t\t_sendLogPayload(abi.encodeWithSignature(\"log(string,string,address,bool)\", p0, p1, p2, p3));\n\t}\n\n\tfunction log(string memory p0, string memory p1, address p2, address p3) internal view {\n\t\t_sendLogPayload(abi.encodeWithSignature(\"log(string,string,address,address)\", p0, p1, p2, p3));\n\t}\n\n\tfunction log(string memory p0, bool p1, uint p2, uint p3) internal view {\n\t\t_sendLogPayload(abi.encodeWithSignature(\"log(string,bool,uint,uint)\", p0, p1, p2, p3));\n\t}\n\n\tfunction log(string memory p0, bool p1, uint p2, string memory p3) internal view {\n\t\t_sendLogPayload(abi.encodeWithSignature(\"log(string,bool,uint,string)\", p0, p1, p2, p3));\n\t}\n\n\tfunction log(string memory p0, bool p1, uint p2, bool p3) internal view {\n\t\t_sendLogPayload(abi.encodeWithSignature(\"log(string,bool,uint,bool)\", p0, p1, p2, p3));\n\t}\n\n\tfunction log(string memory p0, bool p1, uint p2, address p3) internal view {\n\t\t_sendLogPayload(abi.encodeWithSignature(\"log(string,bool,uint,address)\", p0, p1, p2, p3));\n\t}\n\n\tfunction log(string memory p0, bool p1, string memory p2, uint p3) internal view {\n\t\t_sendLogPayload(abi.encodeWithSignature(\"log(string,bool,string,uint)\", p0, p1, p2, p3));\n\t}\n\n\tfunction log(string memory p0, bool p1, string memory p2, string memory p3) internal view {\n\t\t_sendLogPayload(abi.encodeWithSignature(\"log(string,bool,string,string)\", p0, p1, p2, p3));\n\t}\n\n\tfunction log(string memory p0, bool p1, string memory p2, bool p3) internal view {\n\t\t_sendLogPayload(abi.encodeWithSignature(\"log(string,bool,string,bool)\", p0, p1, p2, p3));\n\t}\n\n\tfunction log(string memory p0, bool p1, string memory p2, address p3) internal view {\n\t\t_sendLogPayload(abi.encodeWithSignature(\"log(string,bool,string,address)\", p0, p1, p2, p3));\n\t}\n\n\tfunction log(string memory p0, bool p1, bool p2, uint p3) internal view {\n\t\t_sendLogPayload(abi.encodeWithSignature(\"log(string,bool,bool,uint)\", p0, p1, p2, p3));\n\t}\n\n\tfunction log(string memory p0, bool p1, bool p2, string memory p3) internal view {\n\t\t_sendLogPayload(abi.encodeWithSignature(\"log(string,bool,bool,string)\", p0, p1, p2, p3));\n\t}\n\n\tfunction log(string memory p0, bool p1, bool p2, bool p3) internal view {\n\t\t_sendLogPayload(abi.encodeWithSignature(\"log(string,bool,bool,bool)\", p0, p1, p2, p3));\n\t}\n\n\tfunction log(string memory p0, bool p1, bool p2, address p3) internal view {\n\t\t_sendLogPayload(abi.encodeWithSignature(\"log(string,bool,bool,address)\", p0, p1, p2, p3));\n\t}\n\n\tfunction log(string memory p0, bool p1, address p2, uint p3) internal view {\n\t\t_sendLogPayload(abi.encodeWithSignature(\"log(string,bool,address,uint)\", p0, p1, p2, p3));\n\t}\n\n\tfunction log(string memory p0, bool p1, address p2, string memory p3) internal view {\n\t\t_sendLogPayload(abi.encodeWithSignature(\"log(string,bool,address,string)\", p0, p1, p2, p3));\n\t}\n\n\tfunction log(string memory p0, bool p1, address p2, bool p3) internal view {\n\t\t_sendLogPayload(abi.encodeWithSignature(\"log(string,bool,address,bool)\", p0, p1, p2, p3));\n\t}\n\n\tfunction log(string memory p0, bool p1, address p2, address p3) internal view {\n\t\t_sendLogPayload(abi.encodeWithSignature(\"log(string,bool,address,address)\", p0, p1, p2, p3));\n\t}\n\n\tfunction log(string memory p0, address p1, uint p2, uint p3) internal view {\n\t\t_sendLogPayload(abi.encodeWithSignature(\"log(string,address,uint,uint)\", p0, p1, p2, p3));\n\t}\n\n\tfunction log(string memory p0, address p1, uint p2, string memory p3) internal view {\n\t\t_sendLogPayload(abi.encodeWithSignature(\"log(string,address,uint,string)\", p0, p1, p2, p3));\n\t}\n\n\tfunction log(string memory p0, address p1, uint p2, bool p3) internal view {\n\t\t_sendLogPayload(abi.encodeWithSignature(\"log(string,address,uint,bool)\", p0, p1, p2, p3));\n\t}\n\n\tfunction log(string memory p0, address p1, uint p2, address p3) internal view {\n\t\t_sendLogPayload(abi.encodeWithSignature(\"log(string,address,uint,address)\", p0, p1, p2, p3));\n\t}\n\n\tfunction log(string memory p0, address p1, string memory p2, uint p3) internal view {\n\t\t_sendLogPayload(abi.encodeWithSignature(\"log(string,address,string,uint)\", p0, p1, p2, p3));\n\t}\n\n\tfunction log(string memory p0, address p1, string memory p2, string memory p3) internal view {\n\t\t_sendLogPayload(abi.encodeWithSignature(\"log(string,address,string,string)\", p0, p1, p2, p3));\n\t}\n\n\tfunction log(string memory p0, address p1, string memory p2, bool p3) internal view {\n\t\t_sendLogPayload(abi.encodeWithSignature(\"log(string,address,string,bool)\", p0, p1, p2, p3));\n\t}\n\n\tfunction log(string memory p0, address p1, string memory p2, address p3) internal view {\n\t\t_sendLogPayload(abi.encodeWithSignature(\"log(string,address,string,address)\", p0, p1, p2, p3));\n\t}\n\n\tfunction log(string memory p0, address p1, bool p2, uint p3) internal view {\n\t\t_sendLogPayload(abi.encodeWithSignature(\"log(string,address,bool,uint)\", p0, p1, p2, p3));\n\t}\n\n\tfunction log(string memory p0, address p1, bool p2, string memory p3) internal view {\n\t\t_sendLogPayload(abi.encodeWithSignature(\"log(string,address,bool,string)\", p0, p1, p2, p3));\n\t}\n\n\tfunction log(string memory p0, address p1, bool p2, bool p3) internal view {\n\t\t_sendLogPayload(abi.encodeWithSignature(\"log(string,address,bool,bool)\", p0, p1, p2, p3));\n\t}\n\n\tfunction log(string memory p0, address p1, bool p2, address p3) internal view {\n\t\t_sendLogPayload(abi.encodeWithSignature(\"log(string,address,bool,address)\", p0, p1, p2, p3));\n\t}\n\n\tfunction log(string memory p0, address p1, address p2, uint p3) internal view {\n\t\t_sendLogPayload(abi.encodeWithSignature(\"log(string,address,address,uint)\", p0, p1, p2, p3));\n\t}\n\n\tfunction log(string memory p0, address p1, address p2, string memory p3) internal view {\n\t\t_sendLogPayload(abi.encodeWithSignature(\"log(string,address,address,string)\", p0, p1, p2, p3));\n\t}\n\n\tfunction log(string memory p0, address p1, address p2, bool p3) internal view {\n\t\t_sendLogPayload(abi.encodeWithSignature(\"log(string,address,address,bool)\", p0, p1, p2, p3));\n\t}\n\n\tfunction log(string memory p0, address p1, address p2, address p3) internal view {\n\t\t_sendLogPayload(abi.encodeWithSignature(\"log(string,address,address,address)\", p0, p1, p2, p3));\n\t}\n\n\tfunction log(bool p0, uint p1, uint p2, uint p3) internal view {\n\t\t_sendLogPayload(abi.encodeWithSignature(\"log(bool,uint,uint,uint)\", p0, p1, p2, p3));\n\t}\n\n\tfunction log(bool p0, uint p1, uint p2, string memory p3) internal view {\n\t\t_sendLogPayload(abi.encodeWithSignature(\"log(bool,uint,uint,string)\", p0, p1, p2, p3));\n\t}\n\n\tfunction log(bool p0, uint p1, uint p2, bool p3) internal view {\n\t\t_sendLogPayload(abi.encodeWithSignature(\"log(bool,uint,uint,bool)\", p0, p1, p2, p3));\n\t}\n\n\tfunction log(bool p0, uint p1, uint p2, address p3) internal view {\n\t\t_sendLogPayload(abi.encodeWithSignature(\"log(bool,uint,uint,address)\", p0, p1, p2, p3));\n\t}\n\n\tfunction log(bool p0, uint p1, string memory p2, uint p3) internal view {\n\t\t_sendLogPayload(abi.encodeWithSignature(\"log(bool,uint,string,uint)\", p0, p1, p2, p3));\n\t}\n\n\tfunction log(bool p0, uint p1, string memory p2, string memory p3) internal view {\n\t\t_sendLogPayload(abi.encodeWithSignature(\"log(bool,uint,string,string)\", p0, p1, p2, p3));\n\t}\n\n\tfunction log(bool p0, uint p1, string memory p2, bool p3) internal view {\n\t\t_sendLogPayload(abi.encodeWithSignature(\"log(bool,uint,string,bool)\", p0, p1, p2, p3));\n\t}\n\n\tfunction log(bool p0, uint p1, string memory p2, address p3) internal view {\n\t\t_sendLogPayload(abi.encodeWithSignature(\"log(bool,uint,string,address)\", p0, p1, p2, p3));\n\t}\n\n\tfunction log(bool p0, uint p1, bool p2, uint p3) internal view {\n\t\t_sendLogPayload(abi.encodeWithSignature(\"log(bool,uint,bool,uint)\", p0, p1, p2, p3));\n\t}\n\n\tfunction log(bool p0, uint p1, bool p2, string memory p3) internal view {\n\t\t_sendLogPayload(abi.encodeWithSignature(\"log(bool,uint,bool,string)\", p0, p1, p2, p3));\n\t}\n\n\tfunction log(bool p0, uint p1, bool p2, bool p3) internal view {\n\t\t_sendLogPayload(abi.encodeWithSignature(\"log(bool,uint,bool,bool)\", p0, p1, p2, p3));\n\t}\n\n\tfunction log(bool p0, uint p1, bool p2, address p3) internal view {\n\t\t_sendLogPayload(abi.encodeWithSignature(\"log(bool,uint,bool,address)\", p0, p1, p2, p3));\n\t}\n\n\tfunction log(bool p0, uint p1, address p2, uint p3) internal view {\n\t\t_sendLogPayload(abi.encodeWithSignature(\"log(bool,uint,address,uint)\", p0, p1, p2, p3));\n\t}\n\n\tfunction log(bool p0, uint p1, address p2, string memory p3) internal view {\n\t\t_sendLogPayload(abi.encodeWithSignature(\"log(bool,uint,address,string)\", p0, p1, p2, p3));\n\t}\n\n\tfunction log(bool p0, uint p1, address p2, bool p3) internal view {\n\t\t_sendLogPayload(abi.encodeWithSignature(\"log(bool,uint,address,bool)\", p0, p1, p2, p3));\n\t}\n\n\tfunction log(bool p0, uint p1, address p2, address p3) internal view {\n\t\t_sendLogPayload(abi.encodeWithSignature(\"log(bool,uint,address,address)\", p0, p1, p2, p3));\n\t}\n\n\tfunction log(bool p0, string memory p1, uint p2, uint p3) internal view {\n\t\t_sendLogPayload(abi.encodeWithSignature(\"log(bool,string,uint,uint)\", p0, p1, p2, p3));\n\t}\n\n\tfunction log(bool p0, string memory p1, uint p2, string memory p3) internal view {\n\t\t_sendLogPayload(abi.encodeWithSignature(\"log(bool,string,uint,string)\", p0, p1, p2, p3));\n\t}\n\n\tfunction log(bool p0, string memory p1, uint p2, bool p3) internal view {\n\t\t_sendLogPayload(abi.encodeWithSignature(\"log(bool,string,uint,bool)\", p0, p1, p2, p3));\n\t}\n\n\tfunction log(bool p0, string memory p1, uint p2, address p3) internal view {\n\t\t_sendLogPayload(abi.encodeWithSignature(\"log(bool,string,uint,address)\", p0, p1, p2, p3));\n\t}\n\n\tfunction log(bool p0, string memory p1, string memory p2, uint p3) internal view {\n\t\t_sendLogPayload(abi.encodeWithSignature(\"log(bool,string,string,uint)\", p0, p1, p2, p3));\n\t}\n\n\tfunction log(bool p0, string memory p1, string memory p2, string memory p3) internal view {\n\t\t_sendLogPayload(abi.encodeWithSignature(\"log(bool,string,string,string)\", p0, p1, p2, p3));\n\t}\n\n\tfunction log(bool p0, string memory p1, string memory p2, bool p3) internal view {\n\t\t_sendLogPayload(abi.encodeWithSignature(\"log(bool,string,string,bool)\", p0, p1, p2, p3));\n\t}\n\n\tfunction log(bool p0, string memory p1, string memory p2, address p3) internal view {\n\t\t_sendLogPayload(abi.encodeWithSignature(\"log(bool,string,string,address)\", p0, p1, p2, p3));\n\t}\n\n\tfunction log(bool p0, string memory p1, bool p2, uint p3) internal view {\n\t\t_sendLogPayload(abi.encodeWithSignature(\"log(bool,string,bool,uint)\", p0, p1, p2, p3));\n\t}\n\n\tfunction log(bool p0, string memory p1, bool p2, string memory p3) internal view {\n\t\t_sendLogPayload(abi.encodeWithSignature(\"log(bool,string,bool,string)\", p0, p1, p2, p3));\n\t}\n\n\tfunction log(bool p0, string memory p1, bool p2, bool p3) internal view {\n\t\t_sendLogPayload(abi.encodeWithSignature(\"log(bool,string,bool,bool)\", p0, p1, p2, p3));\n\t}\n\n\tfunction log(bool p0, string memory p1, bool p2, address p3) internal view {\n\t\t_sendLogPayload(abi.encodeWithSignature(\"log(bool,string,bool,address)\", p0, p1, p2, p3));\n\t}\n\n\tfunction log(bool p0, string memory p1, address p2, uint p3) internal view {\n\t\t_sendLogPayload(abi.encodeWithSignature(\"log(bool,string,address,uint)\", p0, p1, p2, p3));\n\t}\n\n\tfunction log(bool p0, string memory p1, address p2, string memory p3) internal view {\n\t\t_sendLogPayload(abi.encodeWithSignature(\"log(bool,string,address,string)\", p0, p1, p2, p3));\n\t}\n\n\tfunction log(bool p0, string memory p1, address p2, bool p3) internal view {\n\t\t_sendLogPayload(abi.encodeWithSignature(\"log(bool,string,address,bool)\", p0, p1, p2, p3));\n\t}\n\n\tfunction log(bool p0, string memory p1, address p2, address p3) internal view {\n\t\t_sendLogPayload(abi.encodeWithSignature(\"log(bool,string,address,address)\", p0, p1, p2, p3));\n\t}\n\n\tfunction log(bool p0, bool p1, uint p2, uint p3) internal view {\n\t\t_sendLogPayload(abi.encodeWithSignature(\"log(bool,bool,uint,uint)\", p0, p1, p2, p3));\n\t}\n\n\tfunction log(bool p0, bool p1, uint p2, string memory p3) internal view {\n\t\t_sendLogPayload(abi.encodeWithSignature(\"log(bool,bool,uint,string)\", p0, p1, p2, p3));\n\t}\n\n\tfunction log(bool p0, bool p1, uint p2, bool p3) internal view {\n\t\t_sendLogPayload(abi.encodeWithSignature(\"log(bool,bool,uint,bool)\", p0, p1, p2, p3));\n\t}\n\n\tfunction log(bool p0, bool p1, uint p2, address p3) internal view {\n\t\t_sendLogPayload(abi.encodeWithSignature(\"log(bool,bool,uint,address)\", p0, p1, p2, p3));\n\t}\n\n\tfunction log(bool p0, bool p1, string memory p2, uint p3) internal view {\n\t\t_sendLogPayload(abi.encodeWithSignature(\"log(bool,bool,string,uint)\", p0, p1, p2, p3));\n\t}\n\n\tfunction log(bool p0, bool p1, string memory p2, string memory p3) internal view {\n\t\t_sendLogPayload(abi.encodeWithSignature(\"log(bool,bool,string,string)\", p0, p1, p2, p3));\n\t}\n\n\tfunction log(bool p0, bool p1, string memory p2, bool p3) internal view {\n\t\t_sendLogPayload(abi.encodeWithSignature(\"log(bool,bool,string,bool)\", p0, p1, p2, p3));\n\t}\n\n\tfunction log(bool p0, bool p1, string memory p2, address p3) internal view {\n\t\t_sendLogPayload(abi.encodeWithSignature(\"log(bool,bool,string,address)\", p0, p1, p2, p3));\n\t}\n\n\tfunction log(bool p0, bool p1, bool p2, uint p3) internal view {\n\t\t_sendLogPayload(abi.encodeWithSignature(\"log(bool,bool,bool,uint)\", p0, p1, p2, p3));\n\t}\n\n\tfunction log(bool p0, bool p1, bool p2, string memory p3) internal view {\n\t\t_sendLogPayload(abi.encodeWithSignature(\"log(bool,bool,bool,string)\", p0, p1, p2, p3));\n\t}\n\n\tfunction log(bool p0, bool p1, bool p2, bool p3) internal view {\n\t\t_sendLogPayload(abi.encodeWithSignature(\"log(bool,bool,bool,bool)\", p0, p1, p2, p3));\n\t}\n\n\tfunction log(bool p0, bool p1, bool p2, address p3) internal view {\n\t\t_sendLogPayload(abi.encodeWithSignature(\"log(bool,bool,bool,address)\", p0, p1, p2, p3));\n\t}\n\n\tfunction log(bool p0, bool p1, address p2, uint p3) internal view {\n\t\t_sendLogPayload(abi.encodeWithSignature(\"log(bool,bool,address,uint)\", p0, p1, p2, p3));\n\t}\n\n\tfunction log(bool p0, bool p1, address p2, string memory p3) internal view {\n\t\t_sendLogPayload(abi.encodeWithSignature(\"log(bool,bool,address,string)\", p0, p1, p2, p3));\n\t}\n\n\tfunction log(bool p0, bool p1, address p2, bool p3) internal view {\n\t\t_sendLogPayload(abi.encodeWithSignature(\"log(bool,bool,address,bool)\", p0, p1, p2, p3));\n\t}\n\n\tfunction log(bool p0, bool p1, address p2, address p3) internal view {\n\t\t_sendLogPayload(abi.encodeWithSignature(\"log(bool,bool,address,address)\", p0, p1, p2, p3));\n\t}\n\n\tfunction log(bool p0, address p1, uint p2, uint p3) internal view {\n\t\t_sendLogPayload(abi.encodeWithSignature(\"log(bool,address,uint,uint)\", p0, p1, p2, p3));\n\t}\n\n\tfunction log(bool p0, address p1, uint p2, string memory p3) internal view {\n\t\t_sendLogPayload(abi.encodeWithSignature(\"log(bool,address,uint,string)\", p0, p1, p2, p3));\n\t}\n\n\tfunction log(bool p0, address p1, uint p2, bool p3) internal view {\n\t\t_sendLogPayload(abi.encodeWithSignature(\"log(bool,address,uint,bool)\", p0, p1, p2, p3));\n\t}\n\n\tfunction log(bool p0, address p1, uint p2, address p3) internal view {\n\t\t_sendLogPayload(abi.encodeWithSignature(\"log(bool,address,uint,address)\", p0, p1, p2, p3));\n\t}\n\n\tfunction log(bool p0, address p1, string memory p2, uint p3) internal view {\n\t\t_sendLogPayload(abi.encodeWithSignature(\"log(bool,address,string,uint)\", p0, p1, p2, p3));\n\t}\n\n\tfunction log(bool p0, address p1, string memory p2, string memory p3) internal view {\n\t\t_sendLogPayload(abi.encodeWithSignature(\"log(bool,address,string,string)\", p0, p1, p2, p3));\n\t}\n\n\tfunction log(bool p0, address p1, string memory p2, bool p3) internal view {\n\t\t_sendLogPayload(abi.encodeWithSignature(\"log(bool,address,string,bool)\", p0, p1, p2, p3));\n\t}\n\n\tfunction log(bool p0, address p1, string memory p2, address p3) internal view {\n\t\t_sendLogPayload(abi.encodeWithSignature(\"log(bool,address,string,address)\", p0, p1, p2, p3));\n\t}\n\n\tfunction log(bool p0, address p1, bool p2, uint p3) internal view {\n\t\t_sendLogPayload(abi.encodeWithSignature(\"log(bool,address,bool,uint)\", p0, p1, p2, p3));\n\t}\n\n\tfunction log(bool p0, address p1, bool p2, string memory p3) internal view {\n\t\t_sendLogPayload(abi.encodeWithSignature(\"log(bool,address,bool,string)\", p0, p1, p2, p3));\n\t}\n\n\tfunction log(bool p0, address p1, bool p2, bool p3) internal view {\n\t\t_sendLogPayload(abi.encodeWithSignature(\"log(bool,address,bool,bool)\", p0, p1, p2, p3));\n\t}\n\n\tfunction log(bool p0, address p1, bool p2, address p3) internal view {\n\t\t_sendLogPayload(abi.encodeWithSignature(\"log(bool,address,bool,address)\", p0, p1, p2, p3));\n\t}\n\n\tfunction log(bool p0, address p1, address p2, uint p3) internal view {\n\t\t_sendLogPayload(abi.encodeWithSignature(\"log(bool,address,address,uint)\", p0, p1, p2, p3));\n\t}\n\n\tfunction log(bool p0, address p1, address p2, string memory p3) internal view {\n\t\t_sendLogPayload(abi.encodeWithSignature(\"log(bool,address,address,string)\", p0, p1, p2, p3));\n\t}\n\n\tfunction log(bool p0, address p1, address p2, bool p3) internal view {\n\t\t_sendLogPayload(abi.encodeWithSignature(\"log(bool,address,address,bool)\", p0, p1, p2, p3));\n\t}\n\n\tfunction log(bool p0, address p1, address p2, address p3) internal view {\n\t\t_sendLogPayload(abi.encodeWithSignature(\"log(bool,address,address,address)\", p0, p1, p2, p3));\n\t}\n\n\tfunction log(address p0, uint p1, uint p2, uint p3) internal view {\n\t\t_sendLogPayload(abi.encodeWithSignature(\"log(address,uint,uint,uint)\", p0, p1, p2, p3));\n\t}\n\n\tfunction log(address p0, uint p1, uint p2, string memory p3) internal view {\n\t\t_sendLogPayload(abi.encodeWithSignature(\"log(address,uint,uint,string)\", p0, p1, p2, p3));\n\t}\n\n\tfunction log(address p0, uint p1, uint p2, bool p3) internal view {\n\t\t_sendLogPayload(abi.encodeWithSignature(\"log(address,uint,uint,bool)\", p0, p1, p2, p3));\n\t}\n\n\tfunction log(address p0, uint p1, uint p2, address p3) internal view {\n\t\t_sendLogPayload(abi.encodeWithSignature(\"log(address,uint,uint,address)\", p0, p1, p2, p3));\n\t}\n\n\tfunction log(address p0, uint p1, string memory p2, uint p3) internal view {\n\t\t_sendLogPayload(abi.encodeWithSignature(\"log(address,uint,string,uint)\", p0, p1, p2, p3));\n\t}\n\n\tfunction log(address p0, uint p1, string memory p2, string memory p3) internal view {\n\t\t_sendLogPayload(abi.encodeWithSignature(\"log(address,uint,string,string)\", p0, p1, p2, p3));\n\t}\n\n\tfunction log(address p0, uint p1, string memory p2, bool p3) internal view {\n\t\t_sendLogPayload(abi.encodeWithSignature(\"log(address,uint,string,bool)\", p0, p1, p2, p3));\n\t}\n\n\tfunction log(address p0, uint p1, string memory p2, address p3) internal view {\n\t\t_sendLogPayload(abi.encodeWithSignature(\"log(address,uint,string,address)\", p0, p1, p2, p3));\n\t}\n\n\tfunction log(address p0, uint p1, bool p2, uint p3) internal view {\n\t\t_sendLogPayload(abi.encodeWithSignature(\"log(address,uint,bool,uint)\", p0, p1, p2, p3));\n\t}\n\n\tfunction log(address p0, uint p1, bool p2, string memory p3) internal view {\n\t\t_sendLogPayload(abi.encodeWithSignature(\"log(address,uint,bool,string)\", p0, p1, p2, p3));\n\t}\n\n\tfunction log(address p0, uint p1, bool p2, bool p3) internal view {\n\t\t_sendLogPayload(abi.encodeWithSignature(\"log(address,uint,bool,bool)\", p0, p1, p2, p3));\n\t}\n\n\tfunction log(address p0, uint p1, bool p2, address p3) internal view {\n\t\t_sendLogPayload(abi.encodeWithSignature(\"log(address,uint,bool,address)\", p0, p1, p2, p3));\n\t}\n\n\tfunction log(address p0, uint p1, address p2, uint p3) internal view {\n\t\t_sendLogPayload(abi.encodeWithSignature(\"log(address,uint,address,uint)\", p0, p1, p2, p3));\n\t}\n\n\tfunction log(address p0, uint p1, address p2, string memory p3) internal view {\n\t\t_sendLogPayload(abi.encodeWithSignature(\"log(address,uint,address,string)\", p0, p1, p2, p3));\n\t}\n\n\tfunction log(address p0, uint p1, address p2, bool p3) internal view {\n\t\t_sendLogPayload(abi.encodeWithSignature(\"log(address,uint,address,bool)\", p0, p1, p2, p3));\n\t}\n\n\tfunction log(address p0, uint p1, address p2, address p3) internal view {\n\t\t_sendLogPayload(abi.encodeWithSignature(\"log(address,uint,address,address)\", p0, p1, p2, p3));\n\t}\n\n\tfunction log(address p0, string memory p1, uint p2, uint p3) internal view {\n\t\t_sendLogPayload(abi.encodeWithSignature(\"log(address,string,uint,uint)\", p0, p1, p2, p3));\n\t}\n\n\tfunction log(address p0, string memory p1, uint p2, string memory p3) internal view {\n\t\t_sendLogPayload(abi.encodeWithSignature(\"log(address,string,uint,string)\", p0, p1, p2, p3));\n\t}\n\n\tfunction log(address p0, string memory p1, uint p2, bool p3) internal view {\n\t\t_sendLogPayload(abi.encodeWithSignature(\"log(address,string,uint,bool)\", p0, p1, p2, p3));\n\t}\n\n\tfunction log(address p0, string memory p1, uint p2, address p3) internal view {\n\t\t_sendLogPayload(abi.encodeWithSignature(\"log(address,string,uint,address)\", p0, p1, p2, p3));\n\t}\n\n\tfunction log(address p0, string memory p1, string memory p2, uint p3) internal view {\n\t\t_sendLogPayload(abi.encodeWithSignature(\"log(address,string,string,uint)\", p0, p1, p2, p3));\n\t}\n\n\tfunction log(address p0, string memory p1, string memory p2, string memory p3) internal view {\n\t\t_sendLogPayload(abi.encodeWithSignature(\"log(address,string,string,string)\", p0, p1, p2, p3));\n\t}\n\n\tfunction log(address p0, string memory p1, string memory p2, bool p3) internal view {\n\t\t_sendLogPayload(abi.encodeWithSignature(\"log(address,string,string,bool)\", p0, p1, p2, p3));\n\t}\n\n\tfunction log(address p0, string memory p1, string memory p2, address p3) internal view {\n\t\t_sendLogPayload(abi.encodeWithSignature(\"log(address,string,string,address)\", p0, p1, p2, p3));\n\t}\n\n\tfunction log(address p0, string memory p1, bool p2, uint p3) internal view {\n\t\t_sendLogPayload(abi.encodeWithSignature(\"log(address,string,bool,uint)\", p0, p1, p2, p3));\n\t}\n\n\tfunction log(address p0, string memory p1, bool p2, string memory p3) internal view {\n\t\t_sendLogPayload(abi.encodeWithSignature(\"log(address,string,bool,string)\", p0, p1, p2, p3));\n\t}\n\n\tfunction log(address p0, string memory p1, bool p2, bool p3) internal view {\n\t\t_sendLogPayload(abi.encodeWithSignature(\"log(address,string,bool,bool)\", p0, p1, p2, p3));\n\t}\n\n\tfunction log(address p0, string memory p1, bool p2, address p3) internal view {\n\t\t_sendLogPayload(abi.encodeWithSignature(\"log(address,string,bool,address)\", p0, p1, p2, p3));\n\t}\n\n\tfunction log(address p0, string memory p1, address p2, uint p3) internal view {\n\t\t_sendLogPayload(abi.encodeWithSignature(\"log(address,string,address,uint)\", p0, p1, p2, p3));\n\t}\n\n\tfunction log(address p0, string memory p1, address p2, string memory p3) internal view {\n\t\t_sendLogPayload(abi.encodeWithSignature(\"log(address,string,address,string)\", p0, p1, p2, p3));\n\t}\n\n\tfunction log(address p0, string memory p1, address p2, bool p3) internal view {\n\t\t_sendLogPayload(abi.encodeWithSignature(\"log(address,string,address,bool)\", p0, p1, p2, p3));\n\t}\n\n\tfunction log(address p0, string memory p1, address p2, address p3) internal view {\n\t\t_sendLogPayload(abi.encodeWithSignature(\"log(address,string,address,address)\", p0, p1, p2, p3));\n\t}\n\n\tfunction log(address p0, bool p1, uint p2, uint p3) internal view {\n\t\t_sendLogPayload(abi.encodeWithSignature(\"log(address,bool,uint,uint)\", p0, p1, p2, p3));\n\t}\n\n\tfunction log(address p0, bool p1, uint p2, string memory p3) internal view {\n\t\t_sendLogPayload(abi.encodeWithSignature(\"log(address,bool,uint,string)\", p0, p1, p2, p3));\n\t}\n\n\tfunction log(address p0, bool p1, uint p2, bool p3) internal view {\n\t\t_sendLogPayload(abi.encodeWithSignature(\"log(address,bool,uint,bool)\", p0, p1, p2, p3));\n\t}\n\n\tfunction log(address p0, bool p1, uint p2, address p3) internal view {\n\t\t_sendLogPayload(abi.encodeWithSignature(\"log(address,bool,uint,address)\", p0, p1, p2, p3));\n\t}\n\n\tfunction log(address p0, bool p1, string memory p2, uint p3) internal view {\n\t\t_sendLogPayload(abi.encodeWithSignature(\"log(address,bool,string,uint)\", p0, p1, p2, p3));\n\t}\n\n\tfunction log(address p0, bool p1, string memory p2, string memory p3) internal view {\n\t\t_sendLogPayload(abi.encodeWithSignature(\"log(address,bool,string,string)\", p0, p1, p2, p3));\n\t}\n\n\tfunction log(address p0, bool p1, string memory p2, bool p3) internal view {\n\t\t_sendLogPayload(abi.encodeWithSignature(\"log(address,bool,string,bool)\", p0, p1, p2, p3));\n\t}\n\n\tfunction log(address p0, bool p1, string memory p2, address p3) internal view {\n\t\t_sendLogPayload(abi.encodeWithSignature(\"log(address,bool,string,address)\", p0, p1, p2, p3));\n\t}\n\n\tfunction log(address p0, bool p1, bool p2, uint p3) internal view {\n\t\t_sendLogPayload(abi.encodeWithSignature(\"log(address,bool,bool,uint)\", p0, p1, p2, p3));\n\t}\n\n\tfunction log(address p0, bool p1, bool p2, string memory p3) internal view {\n\t\t_sendLogPayload(abi.encodeWithSignature(\"log(address,bool,bool,string)\", p0, p1, p2, p3));\n\t}\n\n\tfunction log(address p0, bool p1, bool p2, bool p3) internal view {\n\t\t_sendLogPayload(abi.encodeWithSignature(\"log(address,bool,bool,bool)\", p0, p1, p2, p3));\n\t}\n\n\tfunction log(address p0, bool p1, bool p2, address p3) internal view {\n\t\t_sendLogPayload(abi.encodeWithSignature(\"log(address,bool,bool,address)\", p0, p1, p2, p3));\n\t}\n\n\tfunction log(address p0, bool p1, address p2, uint p3) internal view {\n\t\t_sendLogPayload(abi.encodeWithSignature(\"log(address,bool,address,uint)\", p0, p1, p2, p3));\n\t}\n\n\tfunction log(address p0, bool p1, address p2, string memory p3) internal view {\n\t\t_sendLogPayload(abi.encodeWithSignature(\"log(address,bool,address,string)\", p0, p1, p2, p3));\n\t}\n\n\tfunction log(address p0, bool p1, address p2, bool p3) internal view {\n\t\t_sendLogPayload(abi.encodeWithSignature(\"log(address,bool,address,bool)\", p0, p1, p2, p3));\n\t}\n\n\tfunction log(address p0, bool p1, address p2, address p3) internal view {\n\t\t_sendLogPayload(abi.encodeWithSignature(\"log(address,bool,address,address)\", p0, p1, p2, p3));\n\t}\n\n\tfunction log(address p0, address p1, uint p2, uint p3) internal view {\n\t\t_sendLogPayload(abi.encodeWithSignature(\"log(address,address,uint,uint)\", p0, p1, p2, p3));\n\t}\n\n\tfunction log(address p0, address p1, uint p2, string memory p3) internal view {\n\t\t_sendLogPayload(abi.encodeWithSignature(\"log(address,address,uint,string)\", p0, p1, p2, p3));\n\t}\n\n\tfunction log(address p0, address p1, uint p2, bool p3) internal view {\n\t\t_sendLogPayload(abi.encodeWithSignature(\"log(address,address,uint,bool)\", p0, p1, p2, p3));\n\t}\n\n\tfunction log(address p0, address p1, uint p2, address p3) internal view {\n\t\t_sendLogPayload(abi.encodeWithSignature(\"log(address,address,uint,address)\", p0, p1, p2, p3));\n\t}\n\n\tfunction log(address p0, address p1, string memory p2, uint p3) internal view {\n\t\t_sendLogPayload(abi.encodeWithSignature(\"log(address,address,string,uint)\", p0, p1, p2, p3));\n\t}\n\n\tfunction log(address p0, address p1, string memory p2, string memory p3) internal view {\n\t\t_sendLogPayload(abi.encodeWithSignature(\"log(address,address,string,string)\", p0, p1, p2, p3));\n\t}\n\n\tfunction log(address p0, address p1, string memory p2, bool p3) internal view {\n\t\t_sendLogPayload(abi.encodeWithSignature(\"log(address,address,string,bool)\", p0, p1, p2, p3));\n\t}\n\n\tfunction log(address p0, address p1, string memory p2, address p3) internal view {\n\t\t_sendLogPayload(abi.encodeWithSignature(\"log(address,address,string,address)\", p0, p1, p2, p3));\n\t}\n\n\tfunction log(address p0, address p1, bool p2, uint p3) internal view {\n\t\t_sendLogPayload(abi.encodeWithSignature(\"log(address,address,bool,uint)\", p0, p1, p2, p3));\n\t}\n\n\tfunction log(address p0, address p1, bool p2, string memory p3) internal view {\n\t\t_sendLogPayload(abi.encodeWithSignature(\"log(address,address,bool,string)\", p0, p1, p2, p3));\n\t}\n\n\tfunction log(address p0, address p1, bool p2, bool p3) internal view {\n\t\t_sendLogPayload(abi.encodeWithSignature(\"log(address,address,bool,bool)\", p0, p1, p2, p3));\n\t}\n\n\tfunction log(address p0, address p1, bool p2, address p3) internal view {\n\t\t_sendLogPayload(abi.encodeWithSignature(\"log(address,address,bool,address)\", p0, p1, p2, p3));\n\t}\n\n\tfunction log(address p0, address p1, address p2, uint p3) internal view {\n\t\t_sendLogPayload(abi.encodeWithSignature(\"log(address,address,address,uint)\", p0, p1, p2, p3));\n\t}\n\n\tfunction log(address p0, address p1, address p2, string memory p3) internal view {\n\t\t_sendLogPayload(abi.encodeWithSignature(\"log(address,address,address,string)\", p0, p1, p2, p3));\n\t}\n\n\tfunction log(address p0, address p1, address p2, bool p3) internal view {\n\t\t_sendLogPayload(abi.encodeWithSignature(\"log(address,address,address,bool)\", p0, p1, p2, p3));\n\t}\n\n\tfunction log(address p0, address p1, address p2, address p3) internal view {\n\t\t_sendLogPayload(abi.encodeWithSignature(\"log(address,address,address,address)\", p0, p1, p2, p3));\n\t}\n\n}\n"
    }
  },
  "settings": {
    "optimizer": {
      "enabled": true,
      "runs": 50
    },
    "outputSelection": {
      "*": {
        "*": [
          "abi",
          "evm.bytecode",
          "evm.deployedBytecode",
          "evm.methodIdentifiers",
          "metadata",
          "devdoc",
          "userdoc",
          "storageLayout",
          "evm.gasEstimates"
        ],
        "": [
          "ast"
        ]
      }
    },
    "metadata": {
      "useLiteralContent": true
    }
  }
}